-121.8642799156, -164.8684262893, -214.5759244356
-121.8642799156, -164.8684262893, -214.5759244356
-121.8642799156, -164.8684262893, -214.5759244356
-121.8642799156, -164.8684262893, -214.5759244356
-121.8642799156, -164.8684262893, -214.5759244356
-121.8642799156, -164.8684262893, -214.5759244356
-121.8642799156, -164.8684262893, -214.5759244356
-121.8642799156, -164.8684262893, -214.5759244356
-121.8642799156, -164.8684262893, -214.5759244356
-121.8642799156, -164.8684262893, -214.5759244356
-121.8642799156, -164.8684262893, -214.5759244356
-121.8642799156, -164.8684262893, -214.5759244356
-121.8642799156, -164.2624328252, -214.5176927198
-121.8642799156, -164.2624328252, -214.5176927198
-121.8642799156, -163.6736399503, -214.4594149455
-121.8642799156, -163.6736399503, -214.4594149455
-121.8642799157, -160.9602982581, -214.1691735498
-121.8642799157, -160.9602982581, -214.1691735498
-121.8642799156, -157.9282151406, -213.8025451264
-121.8642799156, -157.9282151406, -213.8025451264
-121.8642799156, -154.2924005712, -213.3037363829
-121.8642799156, -154.2924005712, -213.3037363829
-121.8642799156, -151.3257050364, -212.8486068325
-121.8642799156, -151.3257050364, -212.8486068325
-121.8642799156, -143.6116055030, -211.4605275341
-121.8642799156, -143.6116055030, -211.4605275341
-121.8642799156, -138.8467109845, -210.4534203796
-121.8642799156, -138.8467109845, -210.4534203796
-121.8642799156, -129.2894863605, -208.0807648116
-121.8642799156, -129.2894863605, -208.0807648116
-121.8642799156, -122.1165300594, -205.9825222520
-121.8642799156, -122.1165300594, -205.9825222520
-121.8642799157, -114.4960164875, -203.4444572521
-121.8642799157, -114.4960164875, -203.4444572521
-121.8642799158, -103.5080933256, -199.1993635423
-121.8642799158, -103.5080933256, -199.1993635423
-121.8642799157, -100.9504614228, -198.1079067267
-121.8642799157, -100.9504614228, -198.1079067267
-121.8642799156, -83.0975373485, -189.3212598445
-121.8642799156, -83.0975373485, -189.3212598445
-121.8642799156, -72.5775009271, -183.1027566972
-121.8642799156, -72.5775009271, -183.1027566972
-121.8642799156, -66.4139142813, -179.0600829613
-121.8642799156, -66.4139142813, -179.0600829613
-121.8642799156, -63.6503769600, -177.1447327670
-121.8642799156, -63.6503769600, -177.1447327670
-121.8642799156, -47.1098154057, -164.1984064843
-121.8642799156, -47.1098154057, -164.1984064843
-121.8642799156, -35.8045471234, -153.6460562625
-121.8642799156, -35.8045471234, -153.6460562625
-121.8642799156, -32.2493396256, -149.9858879496
-121.8642799156, -32.2493396256, -149.9858879496
-121.8642799156, -30.9695319494, -148.6237704042
-121.8642799156, -30.9695319494, -148.6237704042
-121.8642799156, -14.4443731844, -128.5108366676
-121.8642799156, -14.4443731844, -128.5108366676
-121.8642799156, -1.9646752412, -109.0724274588
-121.8642799156, -1.9646752412, -109.0724274588
-121.8642799156, -0.6319377372, -106.6853477458
-121.8642799156, -0.6319377372, -106.6853477458
-121.8642799156, 2.5797311740, -100.6105336898
-121.8642799156, 2.5797311740, -100.6105336898
-121.8642799156, 6.0791906629, -93.3817467960
-121.8642799156, 6.0791906629, -93.3817467960
-121.8642799156, 10.1289790885, -83.9969375701
-121.8642799156, 10.1289790885, -83.9969375701
-121.8642799156, 13.2788375256, -75.6756006092
-121.8642799156, 13.2788375256, -75.6756006092
-121.8642799156, 14.4489867821, -72.2829331805
-121.8642799156, 14.4489867821, -72.2829331805
-121.8642799156, 14.8470099087, -71.0841752114
-121.8642799156, 14.8470099087, -71.0841752114
-121.8642799156, 16.5043494502, -65.8088389788
-121.8642799156, 16.5043494502, -65.8088389788
-121.8642799156, 19.6937504171, -53.9108316076
-121.8642799156, 19.6937504171, -53.9108316076
-121.8642799156, 21.5873008784, -45.0723161499
-121.8642799156, 21.5873008784, -45.0723161499
-121.8642799156, 23.4807907127, -33.4486440778
-121.8642799156, 23.4807907127, -33.4486440778
-121.8642799156, 23.6051312857, -32.5061797342
-121.8642799156, 23.6051312857, -32.5061797342
-121.8642799156, 23.9640311770, -29.5761206723
-121.8642799156, 23.9640311770, -29.5761206723
-121.8642799156, 24.0280117250, -29.0148797536
-121.8642799156, 24.0280117250, -29.0148797536
-121.8642799156, 24.3720303148, -25.7283496335
-121.8642799156, 24.3720303148, -25.7283496335
-121.8642799156, 24.4227356228, -25.1970992971
-121.8642799156, 24.4227356228, -25.1970992971
-121.8642799156, 24.4804238869, -24.5745295284
-121.8642799156, 24.4804238869, -24.5745295284
-121.8642799156, 24.5370733301, -23.9425435330
-121.8642799156, 24.5370733301, -23.9425435330
-121.8642799156, 24.5866078194, -23.3714699989
-121.8642799156, 24.5866078194, -23.3714699989
-121.8642799156, 24.6342690044, -22.8040675031
-121.8642799156, 24.6342690044, -22.8040675031
-121.8642799156, 25.0504307646, -16.6777363790
-121.8642799156, 25.0504307646, -16.6777363790
-121.8642799156, 23.5445393559, -32.9695598593
-121.8642799156, 23.5445393559, -32.9695598593
-121.8642799157, 15.5383819639, -68.9421540036
-121.8642799157, 15.5383819639, -68.9421540036
-121.8642799156, 14.9641715305, -70.7266499937
-121.8642799156, 14.9641715305, -70.7266499937
-121.8642799156, 15.3517472538, -69.5281875088
-121.8642799156, 15.3517472538, -69.5281875088
-121.8642799156, 19.4118013941, -55.0861153772
-121.8642799156, 19.4118013941, -55.0861153772
-121.8642799156, 20.8834996492, -48.5795307844
-121.8642799156, 20.8834996492, -48.5795307844
-121.8642799156, 21.1377310567, -47.3479334802
-121.8642799156, 21.1377310567, -47.3479334802
-121.8642799156, 21.8130916564, -43.8765481985
-121.8642799156, 21.8130916564, -43.8765481985
-121.8642799156, 21.5871163201, -45.0732782251
-121.8642799156, 21.5871163201, -45.0732782251
-121.8642799156, 5.3615529921, -94.9229800037
-121.8642799156, 5.3615529921, -94.9229800037
-121.8642799156, 3.0330468702, -99.7127368114
-121.8642799156, 3.0330468702, -99.7127368114
-121.8642799156, 0.8662302822, -103.9113199354
-121.8642799156, 0.8662302822, -103.9113199354
-121.8642799156, 0.6120721659, -104.3890029620
-121.8642799156, 0.6120721659, -104.3890029620
-121.8642799156, -15.8885837982, -130.4850065322
-121.8642799156, -15.8885837982, -130.4850065322
-121.8642799156, -22.2034692390, -138.5901322403
-121.8642799156, -22.2034692390, -138.5901322403
-121.8642799156, -33.8507400076, -151.6566185288
-121.8642799156, -33.8507400076, -151.6566185288
-121.8642799156, -41.2687977637, -158.9411451580
-121.8642799156, -41.2687977637, -158.9411451580
-121.8642799156, -49.2663095866, -166.0421749209
-121.8642799156, -49.2663095866, -166.0421749209
-121.8642799156, -51.1099912390, -167.5791133515
-121.8642799156, -51.1099912390, -167.5791133515
-121.8642799157, -55.9584376745, -171.4552799707
-121.8642799157, -55.9584376745, -171.4552799707
-121.8642799156, -63.7938373205, -177.2457821902
-121.8642799156, -63.7938373205, -177.2457821902
-121.8642799156, -69.6293389823, -181.2076548872
-121.8642799156, -69.6293389823, -181.2076548872
-121.8642799156, -72.9424833246, -183.3325652660
-121.8642799156, -72.9424833246, -183.3325652660
-121.8642799156, -79.2260544172, -187.1284333485
-121.8642799156, -79.2260544172, -187.1284333485
-121.8642799156, -85.1905519190, -190.4621829945
-121.8642799156, -85.1905519190, -190.4621829945
-121.8642799156, -95.0420317054, -195.4309057570
-121.8642799156, -95.0420317054, -195.4309057570
-121.8642799156, -102.4025816727, -198.7325025730
-121.8642799156, -102.4025816727, -198.7325025730
-121.8642799156, -113.4763699644, -203.0800896132
-121.8642799156, -113.4763699644, -203.0800896132
-121.8642799156, -123.5618543568, -206.4276756494
-121.8642799156, -123.5618543568, -206.4276756494
-121.8642799156, -135.1955534686, -209.6030844635
-121.8642799156, -135.1955534686, -209.6030844635
-121.8642799156, -150.3934694921, -212.6966119550
-121.8642799156, -150.3934694921, -212.6966119550
-121.8642799156, -159.5814960563, -214.0080004105
-121.8642799156, -159.5814960563, -214.0080004105
-121.8642799156, -162.8735934974, -214.3775416853
-121.8642799156, -162.8735934974, -214.3775416853
-121.8642799156, -166.9853344429, -214.7654447726
-121.8642799156, -166.9853344429, -214.7654447726
-121.8642799156, -171.2773949137, -215.0835565734
-121.8642799156, -171.2773949137, -215.0835565734
-121.8642799156, -176.3238233627, -215.3446997261
-121.8642799156, -176.3238233627, -215.3446997261
-121.8642799156, -176.3368184236, -215.3452151120
-121.8642799156, -176.3368184236, -215.3452151120
-121.8642799156, -176.4383442371, -215.3492138915
-121.8642799156, -176.4383442371, -215.3492138915
-121.8642799156, -176.8052955370, -215.3632567120
-121.8642799156, -176.8052955370, -215.3632567120
-121.8642799156, -176.6507483462, -215.3574206915
-121.8642799156, -176.6507483462, -215.3574206915
-121.8642799156, -169.8128228799, -214.9849467693
-121.8642799156, -169.8128228799, -214.9849467693
-121.8642799156, -165.1767544999, -214.6048722650
-121.8642799156, -165.1767544999, -214.6048722650
-121.8642799156, -164.1624675592, -214.5079163667
-121.8642799156, -164.1624675592, -214.5079163667
-121.8642799156, -164.1534251834, -214.5070296663
-121.8642799156, -164.1534251834, -214.5070296663
-121.8642799156, -134.7676025712, -209.4989060501
-121.8642799156, -134.7676025712, -209.4989060501
-121.8642799156, -74.3232743597, -184.1925512382
-121.8642799156, -74.3232743597, -184.1925512382
-121.8642799156, -68.1071745590, -180.2016742922
-121.8642799156, -68.1071745590, -180.2016742922
-121.8642799156, -54.0470721294, -169.9551897438
-121.8642799156, -54.0470721294, -169.9551897438
-121.8642799156, -35.6155543191, -153.4559128480
-121.8642799156, -35.6155543191, -153.4559128480
-121.8642799156, -15.7688466671, -130.3231537726
-121.8642799156, -15.7688466671, -130.3231537726
-121.8642799156, -9.9605637094, -122.0550192874
-121.8642799156, -9.9605637094, -122.0550192874
-121.8642799156, 0.0268020341, -105.4778650536
-121.8642799156, 0.0268020341, -105.4778650536
-121.8642799156, 4.0627552513, -97.6325981350
-121.8642799156, 4.0627552513, -97.6325981350
-121.8642799156, 8.3759668778, -88.2144976897
-121.8642799156, 8.3759668778, -88.2144976897
-121.8642799156, 15.9184708284, -67.7298787163
-121.8642799156, 15.9184708284, -67.7298787163
-121.8642799156, 19.5689790344, -54.4346150096
-121.8642799156, 19.5689790344, -54.4346150096
-121.8642799156, 23.1443364370, -35.8498888634
-121.8642799156, 23.1443364370, -35.8498888634
-121.8642799156, 23.8403819500, -30.6248010178
-121.8642799156, 23.8403819500, -30.6248010178
-121.8642799156, 24.1068539974, -28.3040253789
-121.8642799156, 24.1068539974, -28.3040253789
-121.8642799156, 24.0114576632, -29.1613866730
-121.8642799156, 24.0114576632, -29.1613866730
-121.8642799156, 20.9038898013, -48.4821103160
-121.8642799156, 20.9038898013, -48.4821103160
-121.8642799156, 20.7654313502, -49.1391760406
-121.8642799156, 20.7654313502, -49.1391760406
-121.8642799156, 20.4798287228, -50.4628527227
-121.8642799156, 20.4798287228, -50.4628527227
-121.8642799156, 20.1013218782, -52.1565791080
-121.8642799156, 20.1013218782, -52.1565791080
-121.8642799156, 17.1167999700, -63.7266479598
-121.8642799156, 17.1167999700, -63.7266479598
-121.8642799156, 13.5593665564, -74.8791719676
-121.8642799156, 13.5593665564, -74.8791719676
-121.8642799156, 11.7994530645, -79.7168399704
-121.8642799156, 11.7994530645, -79.7168399704
-121.8642799156, 8.0682037912, -88.9291412192
-121.8642799156, 8.0682037912, -88.9291412192
-121.8642799156, 0.9182489493, -103.8131851500
-121.8642799156, 0.9182489493, -103.8131851500
-121.8642799156, 0.6000657113, -104.4114955299
-121.8642799156, 0.6000657113, -104.4114955299
-121.8642799156, -5.1271226101, -114.4625360709
-121.8642799156, -5.1271226101, -114.4625360709
-121.8642799156, -9.8504321898, -121.8897717044
-121.8642799156, -9.8504321898, -121.8897717044
-121.8642799156, -23.9865948759, -140.7374951556
-121.8642799156, -23.9865948759, -140.7374951556
-121.8642799156, -35.2297112179, -153.0662083865
-121.8642799156, -35.2297112179, -153.0662083865
-121.8642799156, -50.2598561459, -166.8748558341
-121.8642799156, -50.2598561459, -166.8748558341
-121.8642799156, -66.7906334072, -179.3161412621
-121.8642799156, -66.7906334072, -179.3161412621
-121.8642799157, -79.6552852308, -187.3769170918
-121.8642799157, -79.6552852308, -187.3769170918
-121.8642799156, -93.1261908637, -194.5150838273
-121.8642799156, -93.1261908637, -194.5150838273
-121.8642799156, -105.4053595839, -199.9833260347
-121.8642799156, -105.4053595839, -199.9833260347
-121.8642799156, -119.8301010951, -205.2549294957
-121.8642799156, -119.8301010951, -205.2549294957
-121.8642799156, -128.2868123611, -207.8040620103
-121.8642799156, -128.2868123611, -207.8040620103
-121.8642799156, -133.2729657764, -209.1275841746
-121.8642799156, -133.2729657764, -209.1275841746
-121.8642799156, -139.2758963537, -210.5488734169
-121.8642799156, -139.2758963537, -210.5488734169
-121.8642799156, -148.2800809985, -212.3360644460
-121.8642799156, -148.2800809985, -212.3360644460
-121.8642799156, -152.2419389194, -212.9938029375
-121.8642799156, -152.2419389194, -212.9938029375
-121.8642799156, -156.7555072510, -213.6487272862
-121.8642799156, -156.7555072510, -213.6487272862
-121.8642799156, -161.3126857768, -214.2088838721
-121.8642799156, -161.3126857768, -214.2088838721
-121.8642799156, -163.1038117323, -214.4014185052
-121.8642799156, -163.1038117323, -214.4014185052
-121.8642799156, -170.4662916796, -215.0302155040
-121.8642799156, -170.4662916796, -215.0302155040
-121.8642799156, -170.8920569132, -215.0586085210
-121.8642799156, -170.8920569132, -215.0586085210
-121.8642799156, -171.0110366273, -215.0663875919
-121.8642799156, -171.0110366273, -215.0663875919
-121.8642799156, -173.5152991949, -215.2143904379
-121.8642799156, -173.5152991949, -215.2143904379
-121.8642799156, -173.4002775306, -215.2082501661
-121.8642799156, -173.4002775306, -215.2082501661
-121.8642799156, -90.9662174824, -193.4537895192
-121.8642799156, -90.9662174824, -193.4537895192
-121.8642799156, -68.5387598366, -180.4888363423
-121.8642799156, -68.5387598366, -180.4888363423
-121.8642799158, -36.4460790336, -154.2878908521
-121.8642799158, -36.4460790336, -154.2878908521
-121.8642799156, -21.3801400913, -137.5787169539
-121.8642799156, -21.3801400913, -137.5787169539
-121.8642799158, 1.4353711360, -102.8307251825
-121.8642799158, 1.4353711360, -102.8307251825
-111.8642799156, 185.8956261578, -203.2323408306
-111.8642799156, 185.8956261578, -203.2323408306
-111.8642799156, 168.3759728645, -233.0422552263
-111.8642799156, 168.3759728645, -233.0422552263
-111.8642799156, 151.2855666706, -257.5926016644
-111.8642799156, 151.2855666706, -257.5926016644
-111.8642799156, 142.9581821421, -268.3241175305
-111.8642799156, 142.9581821421, -268.3241175305
-111.8642799156, 125.5909488399, -288.6160143934
-111.8642799156, 125.5909488399, -288.6160143934
-111.8642799156, 57.0312398800, -349.0052115527
-111.8642799156, 57.0312398800, -349.0052115527
-111.8642799156, 14.2693462109, -375.4154978242
-111.8642799156, 14.2693462109, -375.4154978242
-111.8642799156, -29.4112781503, -395.7664923565
-111.8642799156, -29.4112781503, -395.7664923565
-111.8642799156, -53.8980956291, -404.6381079068
-111.8642799156, -53.8980956291, -404.6381079068
-111.8642799156, -82.6160934739, -412.9268943762
-111.8642799156, -82.6160934739, -412.9268943762
-111.8642799156, -111.8174669654, -419.1463204299
-111.8642799156, -111.8174669654, -419.1463204299
-111.8642799156, -131.6961992545, -422.1580212626
-111.8642799156, -131.6961992545, -422.1580212626
-111.8642799156, -140.6392208444, -423.1974104245
-111.8642799156, -140.6392208444, -423.1974104245
-111.8642799156, -142.0644120155, -423.3451302129
-111.8642799156, -142.0644120155, -423.3451302129
-111.8642799156, -144.3491674107, -423.5716966359
-111.8642799156, -144.3491674107, -423.5716966359
-111.8642799156, -144.9004358108, -423.6244748694
-111.8642799156, -144.9004358108, -423.6244748694
-111.8642799156, -150.2483476610, -424.0984541251
-111.8642799156, -150.2483476610, -424.0984541251
-111.8642799156, -149.9403160891, -424.0730227037
-111.8642799156, -149.9403160891, -424.0730227037
-111.8642799156, -70.8291135321, -409.7923190317
-111.8642799156, -70.8291135321, -409.7923190317
-111.8642799156, -0.6284965947, -383.0482634727
-111.8642799156, -0.6284965947, -383.0482634727
-111.8642799156, 29.9189632419, -366.5627243048
-111.8642799156, 29.9189632419, -366.5627243048
-111.8642799156, 48.3785148043, -354.9331446543
-111.8642799156, 48.3785148043, -354.9331446543
-111.8642799156, 74.0515376413, -336.3758588633
-111.8642799156, 74.0515376413, -336.3758588633
-111.8642799156, 122.8499174192, -291.5908893071
-111.8642799156, 122.8499174192, -291.5908893071
-111.8642799149, 139.6383502641, -272.4097238463
-111.8642799149, 139.6383502641, -272.4097238463
-111.8642799156, 156.1179271000, -251.0207750565
-111.8642799156, 156.1179271000, -251.0207750565
-111.8642799156, 180.0864632709, -213.7539045125
-111.8642799156, 180.0864632709, -213.7539045125
-111.8642799156, 197.4334065558, -179.8957900204
-111.8642799156, 197.4334065558, -179.8957900204
-111.8642799156, 212.8872843540, -141.0170946747
-111.8642799156, 212.8872843540, -141.0170946747
-111.8642799155, 226.7417685433, -90.0961654544
-111.8642799155, 226.7417685433, -90.0961654544
-111.8642799156, 227.8521481470, -84.5035436212
-111.8642799156, 227.8521481470, -84.5035436212
-111.8642799156, 227.8781178745, -84.3678088670
-111.8642799156, 227.8781178745, -84.3678088670
-111.8642799156, 228.0705963772, -83.3541431185
-111.8642799156, 228.0705963772, -83.3541431185
-111.8642799156, 231.6953973069, -60.7775093736
-111.8642799156, 231.6953973069, -60.7775093736
-111.8642799156, 233.8210469019, -41.2865738612
-111.8642799156, 233.8210469019, -41.2865738612
-111.8642799156, 229.5510104162, -75.0478922839
-111.8642799156, 229.5510104162, -75.0478922839
-111.8642799156, 195.0628581664, -184.9989669683
-111.8642799156, 195.0628581664, -184.9989669683
-111.8642799156, 174.0544202221, -223.9805419883
-111.8642799156, 174.0544202221, -223.9805419883
-111.8642799156, 150.0143278468, -259.2778792362
-111.8642799156, 150.0143278468, -259.2778792362
-111.8642799156, 107.5876817610, -307.1649067475
-111.8642799156, 107.5876817610, -307.1649067475
-111.8642799156, 76.3156962543, -334.5929635606
-111.8642799156, 76.3156962543, -334.5929635606
-111.8642799156, 39.8084277097, -360.4991228169
-111.8642799156, 39.8084277097, -360.4991228169
-111.8642799156, 7.1544693964, -379.1542998113
-111.8642799156, 7.1544693964, -379.1542998113
-111.8642799156, -35.6179235296, -398.1786392572
-111.8642799156, -35.6179235296, -398.1786392572
-111.8642799156, -67.9352147780, -408.9663579784
-111.8642799156, -67.9352147780, -408.9663579784
-111.8642799156, -83.0721300581, -413.0408361569
-111.8642799156, -83.0721300581, -413.0408361569
-111.8642799156, -100.6121203326, -417.0159715737
-111.8642799156, -100.6121203326, -417.0159715737
-111.8642799156, -112.6014804879, -419.2836072230
-111.8642799156, -112.6014804879, -419.2836072230
-111.8642799156, -121.6754086080, -420.7615279573
-111.8642799156, -121.6754086080, -420.7615279573
-111.8642799156, -125.3329090586, -421.2997676356
-111.8642799156, -125.3329090586, -421.2997676356
-111.8642799156, -131.9297412934, -422.1876380808
-111.8642799156, -131.9297412934, -422.1876380808
-111.8642799156, -138.5944686243, -422.9768845948
-111.8642799156, -138.5944686243, -422.9768845948
-111.8642799156, -143.0086075806, -423.4402900134
-111.8642799156, -143.0086075806, -423.4402900134
-111.8642799156, -146.7690632255, -423.7979218230
-111.8642799156, -146.7690632255, -423.7979218230
-111.8642799156, -147.4122030035, -423.8556710362
-111.8642799156, -147.4122030035, -423.8556710362
-111.8642799156, -147.0950812951, -423.8273204151
-111.8642799156, -147.0950812951, -423.8273204151
-111.8642799156, -131.0177168050, -422.0712242916
-111.8642799156, -131.0177168050, -422.0712242916
-111.8642799156, -116.7058718126, -419.9773717982
-111.8642799156, -116.7058718126, -419.9773717982
-111.8642799156, -114.8194655607, -419.6637085077
-111.8642799156, -114.8194655607, -419.6637085077
-111.8642799156, -112.3294617052, -419.2361481147
-111.8642799156, -112.3294617052, -419.2361481147
-111.8642799156, -111.8545974395, -419.1528568109
-111.8642799156, -111.8545974395, -419.1528568109
-111.8642799156, -111.3071536267, -419.0561375606
-111.8642799156, -111.3071536267, -419.0561375606
-111.8642799156, -110.7226794766, -418.9520509448
-111.8642799156, -110.7226794766, -418.9520509448
-111.8642799156, -108.8556102903, -418.6138365412
-111.8642799156, -108.8556102903, -418.6138365412
-111.8642799156, -108.5379430358, -418.5554243093
-111.8642799156, -108.5379430358, -418.5554243093
-111.8642799156, -104.7402239770, -417.8375121692
-111.8642799156, -104.7402239770, -417.8375121692
-111.8642799156, -88.2474029265, -414.2960198986
-111.8642799156, -88.2474029265, -414.2960198986
-111.8642799156, -76.8951759833, -411.4512697769
-111.8642799156, -76.8951759833, -411.4512697769
-111.8642799156, -63.8439068481, -407.7602234213
-111.8642799156, -63.8439068481, -407.7602234213
-111.8642799156, -63.1563691922, -407.5530931908
-111.8642799156, -63.1563691922, -407.5530931908
-111.8642799156, -61.9963172562, -407.2007015252
-111.8642799156, -61.9963172562, -407.2007015252
-111.8642799156, -31.5817646031, -396.6229200236
-111.8642799156, -31.5817646031, -396.6229200236
-111.8642799156, -30.9193005699, -396.3630028066
-111.8642799156, -30.9193005699, -396.3630028066
-111.8642799156, -18.6741810147, -391.3223470493
-111.8642799156, -18.6741810147, -391.3223470493
-111.8642799156, -18.3759430922, -391.1939071158
-111.8642799156, -18.3759430922, -391.1939071158
-111.8642799156, -13.7815609429, -389.1805526271
-111.8642799156, -13.7815609429, -389.1805526271
-111.8642799156, -13.4285600418, -389.0231461162
-111.8642799156, -13.4285600418, -389.0231461162
-111.8642799156, -10.1773729333, -387.5550257984
-111.8642799156, -10.1773729333, -387.5550257984
-111.8642799156, -4.4322415474, -384.8787278218
-111.8642799156, -4.4322415474, -384.8787278218
-111.8642799156, -4.1527615187, -384.7458338654
-111.8642799156, -4.1527615187, -384.7458338654
-111.8642799156, 0.6944964571, -382.4005218579
-111.8642799156, 0.6944964571, -382.4005218579
-111.8642799156, 1.6440571291, -381.9320604806
-111.8642799156, 1.6440571291, -381.9320604806
-111.8642799156, 2.3628159793, -381.5754817920
-111.8642799156, 2.3628159793, -381.5754817920
-111.8642799156, 22.2193264899, -371.0288474141
-111.8642799156, 22.2193264899, -371.0288474141
-111.8642799156, 23.8765675243, -370.0859301812
-111.8642799156, 23.8765675243, -370.0859301812
-111.8642799156, 30.4705756804, -366.2343338497
-111.8642799156, 30.4705756804, -366.2343338497
-111.8642799156, 30.4705756804, -366.2343338497
-111.8642799156, 30.4705756804, -366.2343338497
-111.8642799156, 30.8236185454, -366.0235575230
-111.8642799156, 30.8236185454, -366.0235575230
-111.8642799156, 57.9221695702, -348.3766218786
-111.8642799156, 57.9221695702, -348.3766218786
-111.8642799156, 75.5136245744, -335.2274301344
-111.8642799156, 75.5136245744, -335.2274301344
-111.8642799156, 78.8402467877, -332.5750845741
-111.8642799156, 78.8402467877, -332.5750845741
-111.8642799156, 79.1931637609, -332.2904507362
-111.8642799156, 79.1931637609, -332.2904507362
-111.8642799156, 121.4005944236, -293.1408655558
-111.8642799156, 121.4005944236, -293.1408655558
-111.8642799159, 126.7762626901, -287.3115953395
-111.8642799159, 126.7762626901, -287.3115953395
-111.8642799156, 128.6043226007, -285.2780773878
-111.8642799156, 128.6043226007, -285.2780773878
-111.8642799156, 148.8193561502, -260.8461370323
-111.8642799156, 148.8193561502, -260.8461370323
-111.8642799156, 169.8392757175, -230.7556690132
-111.8642799156, 169.8392757175, -230.7556690132
-111.8642799156, 170.6957603095, -229.4020381156
-111.8642799156, 170.6957603095, -229.4020381156
-111.8642799156, 171.2721354120, -228.4846285977
-111.8642799156, 171.2721354120, -228.4846285977
-111.8642799156, 200.0605830295, -174.0207976547
-111.8642799156, 200.0605830295, -174.0207976547
-111.8642799156, 200.6403572141, -172.6909190069
-111.8642799156, 200.6403572141, -172.6909190069
-111.8642799156, 210.4209832290, -148.0476936683
-111.8642799156, 210.4209832290, -148.0476936683
-111.8642799156, 212.1568993667, -143.1412208391
-111.8642799156, 212.1568993667, -143.1412208391
-111.8642799156, 224.5501515256, -100.1316230452
-111.8642799156, 224.5501515256, -100.1316230452
-111.8642799156, 225.1267364451, -97.6025591428
-111.8642799156, 225.1267364451, -97.6025591428
-111.8642799156, 231.0049680436, -65.7506633475
-111.8642799156, 231.0049680436, -65.7506633475
-111.8642799156, 231.5851618692, -61.6016916638
-111.8642799156, 231.5851618692, -61.6016916638
-111.8642799156, 232.4695944606, -54.5938937858
-111.8642799156, 232.4695944606, -54.5938937858
-111.8642799156, 232.2267909424, -56.6150558177
-111.8642799156, 232.2267909424, -56.6150558177
-111.8642799156, 186.9226451619, -201.2954689759
-111.8642799156, 186.9226451619, -201.2954689759
-111.8642799162, 152.2359731885, -256.3210438436
-111.8642799162, 152.2359731885, -256.3210438436
-111.8642799156, 132.0865458270, -281.3294919916
-111.8642799156, 132.0865458270, -281.3294919916
-111.8642799156, 100.1408707749, -314.2052219313
-111.8642799156, 100.1408707749, -314.2052219313
-111.8642799148, 88.2542664460, -324.7620900450
-111.8642799148, 88.2542664460, -324.7620900450
-111.8642799156, 72.6172162402, -337.4923614471
-111.8642799156, 72.6172162402, -337.4923614471
-111.8642799156, 57.5387729902, -348.6475495160
-111.8642799156, 57.5387729902, -348.6475495160
-111.8642799156, 37.8172207109, -361.7503797727
-111.8642799156, 37.8172207109, -361.7503797727
-111.8642799156, 27.7017487300, -367.8712216943
-111.8642799156, 27.7017487300, -367.8712216943
-111.8642799157, 19.0314962636, -372.8147905964
-111.8642799157, 19.0314962636, -372.8147905964
-111.8642799156, 9.4699547656, -377.9565726401
-111.8642799156, 9.4699547656, -377.9565726401
-111.8642799156, -2.6183020333, -384.0116835560
-111.8642799156, -2.6183020333, -384.0116835560
-111.8642799156, -27.2985448178, -394.9194247797
-111.8642799156, -27.2985448178, -394.9194247797
-111.8642799156, -50.1373184201, -403.3863974058
-111.8642799156, -50.1373184201, -403.3863974058
-111.8642799156, -64.7189137406, -408.0219788318
-111.8642799156, -64.7189137406, -408.0219788318
-111.8642799156, -81.5083571998, -412.6478637980
-111.8642799156, -81.5083571998, -412.6478637980
-111.8642799156, -97.3539180103, -416.3371027535
-111.8642799156, -97.3539180103, -416.3371027535
-111.8642799156, -97.8108216970, -416.4339267586
-111.8642799156, -97.8108216970, -416.4339267586
-111.8642799156, -98.1653333010, -416.5086868485
-111.8642799156, -98.1653333010, -416.5086868485
-111.8642799156, -119.3915197506, -420.4087231268
-111.8642799156, -119.3915197506, -420.4087231268
-111.8642799156, -132.9800199734, -422.3191865018
-111.8642799156, -132.9800199734, -422.3191865018
-111.8642799156, -146.4093458072, -423.7651871225
-111.8642799156, -146.4093458072, -423.7651871225
-111.8642799156, -148.7296175415, -423.9708541347
-111.8642799156, -148.7296175415, -423.9708541347
-111.8642799156, -147.5047312725, -423.8638973822
-111.8642799156, -147.5047312725, -423.8638973822
-111.8642799156, -68.4632029486, -409.1187271101
-111.8642799156, -68.4632029486, -409.1187271101
-111.8642799156, -21.1814558346, -392.3913598353
-111.8642799156, -21.1814558346, -392.3913598353
-111.8642799156, -20.3085633319, -392.0213705590
-111.8642799156, -20.3085633319, -392.0213705590
-111.8642799156, 49.3390924472, -354.2906227921
-111.8642799156, 49.3390924472, -354.2906227921
-111.8642799156, 72.6897075118, -337.4361717036
-111.8642799156, 72.6897075118, -337.4361717036
-111.8642799156, 97.6946103874, -316.4442575540
-111.8642799156, 97.6946103874, -316.4442575540
-111.8642799156, 105.1600756148, -309.4979550046
-111.8642799156, 105.1600756148, -309.4979550046
-111.8642799156, 115.0881903615, -299.7132082356
-111.8642799156, 115.0881903615, -299.7132082356
-111.8642799107, 125.0125334184, -289.2485765403
-111.8642799107, 125.0125334184, -289.2485765403
-111.8642799156, 126.7135416007, -287.3808950488
-111.8642799156, 126.7135416007, -287.3808950488
-111.8642799156, 127.9120325370, -286.0513102861
-111.8642799156, 127.9120325370, -286.0513102861
-111.8642799156, 128.4195557160, -285.4848236776
-111.8642799156, 128.4195557160, -285.4848236776
-111.8642799156, 140.0151736756, -271.9512129657
-111.8642799156, 140.0151736756, -271.9512129657
-111.8642799156, 159.3965261706, -246.4047770231
-111.8642799156, 159.3965261706, -246.4047770231
-111.8642799156, 174.4533343048, -223.3242150541
-111.8642799156, 174.4533343048, -223.3242150541
-111.8642799156, 190.5256684017, -194.2992531655
-111.8642799156, 190.5256684017, -194.2992531655
-111.8642799156, 207.8363255895, -155.0177638700
-111.8642799156, 207.8363255895, -155.0177638700
-111.8642799156, 207.4107270231, -156.1303021800
-111.8642799156, 207.4107270231, -156.1303021800
-111.8642799156, 194.9001631268, -185.3427509626
-111.8642799156, 194.9001631268, -185.3427509626
-111.8642799155, 183.9143625696, -206.9014216677
-111.8642799155, 183.9143625696, -206.9014216677
-111.8642799156, 178.6832089316, -216.1926928287
-111.8642799156, 178.6832089316, -216.1926928287
-111.8642799156, 179.5691941929, -214.6572981700
-111.8642799156, 179.5691941929, -214.6572981700
-111.8642799156, 191.9278071643, -191.4866467162
-111.8642799156, 191.9278071643, -191.4866467162
-111.8642799156, 218.7159835565, -122.5310381588
-111.8642799156, 218.7159835565, -122.5310381588
-111.8642799156, 224.8236712798, -98.9408672689
-111.8642799156, 224.8236712798, -98.9408672689
-111.8642799156, 201.0200720840, -171.8130753163
-111.8642799156, 201.0200720840, -171.8130753163
-111.8642799156, 173.4895637995, -224.9052921472
-111.8642799156, 173.4895637995, -224.9052921472
-111.8642799155, 160.7676528917, -244.4345582892
-111.8642799155, 160.7676528917, -244.4345582892
-111.8642799156, 185.7400172859, -203.5236887328
-111.8642799156, 185.7400172859, -203.5236887328
-111.8642799156, 215.7122871810, -132.4276581230
-111.8642799156, 215.7122871810, -132.4276581230
-111.8642799156, 229.1657694563, -77.3048879546
-111.8642799156, 229.1657694563, -77.3048879546
-111.8642799156, 229.1657694560, -77.3048879546
-111.8642799156, 229.1657694560, -77.3048879546
-111.8642799156, 235.2359413962, -15.1936928348
-111.8642799156, 235.2359413962, -15.1936928348
-111.8642799156, 223.4373490555, -104.8213070296
-111.8642799156, 223.4373490555, -104.8213070296
-111.8642799156, 214.4379402265, -136.3796848090
-111.8642799156, 214.4379402265, -136.3796848090
-111.8642799156, 214.4940459244, -136.2084651657
-111.8642799156, 214.4940459244, -136.2084651657
-111.8642799156, 207.7300827438, -155.2963757655
-111.8642799156, 207.7300827438, -155.2963757655
-111.8642799156, 202.5169851399, -168.2977032518
-111.8642799156, 202.5169851399, -168.2977032518
-111.8642799156, 191.9010159595, -191.5408858030
-111.8642799156, 191.9010159595, -191.5408858030
-111.8642799156, 182.3605303883, -209.7193819830
-111.8642799156, 182.3605303883, -209.7193819830
-111.8642799155, 172.2001724255, -226.9963465000
-111.8642799155, 172.2001724255, -226.9963465000
-111.8642799153, 157.0334633824, -249.7449840978
-111.8642799153, 157.0334633824, -249.7449840978
-111.8642799156, 145.1174505265, -265.6095962984
-111.8642799156, 145.1174505265, -265.6095962984
-111.8642799156, 135.8035859156, -277.0020140646
-111.8642799156, 135.8035859156, -277.0020140646
-111.8642799156, 127.7158124709, -286.2697746660
-111.8642799156, 127.7158124709, -286.2697746660
-111.8642799156, 120.6942650848, -293.8905891987
-111.8642799156, 120.6942650848, -293.8905891987
-111.8642799156, 116.7517419123, -298.0087055279
-111.8642799156, 116.7517419123, -298.0087055279
-111.8642799156, 100.5069511486, -313.8670846011
-111.8642799156, 100.5069511486, -313.8670846011
-111.8642799156, 88.7890501858, -324.3041639577
-111.8642799156, 88.7890501858, -324.3041639577
-111.8642799156, 73.4075049538, -336.8784192792
-111.8642799156, 73.4075049538, -336.8784192792
-111.8642799156, 61.6933687131, -345.6771718744
-111.8642799156, 61.6933687131, -345.6771718744
-111.8642799156, 38.7824957097, -361.1457515540
-111.8642799156, 38.7824957097, -361.1457515540
-111.8642799156, 33.9093720851, -364.1612118583
-111.8642799156, 33.9093720851, -364.1612118583
-111.8642799156, 10.1602777715, -377.5959560900
-111.8642799156, 10.1602777715, -377.5959560900
-111.8642799156, -3.7308337704, -384.5447267458
-111.8642799156, -3.7308337704, -384.5447267458
-111.8642799156, -12.7767546283, -388.7314753642
-111.8642799156, -12.7767546283, -388.7314753642
-111.8642799156, -35.6448705855, -398.1888657534
-111.8642799156, -35.6448705855, -398.1888657534
-111.8642799156, -52.5500408615, -404.1939617994
-111.8642799156, -52.5500408615, -404.1939617994
-111.8642799156, -57.9679457478, -405.9484890665
-111.8642799156, -57.9679457478, -405.9484890665
-111.8642799156, -70.3877982408, -409.6678093062
-111.8642799156, -70.3877982408, -409.6678093062
-111.8642799156, -85.3061148556, -413.5911797040
-111.8642799156, -85.3061148556, -413.5911797040
-111.8642799156, -87.4523200492, -414.1076970112
-111.8642799156, -87.4523200492, -414.1076970112
-111.8642799156, -87.1774980200, -414.0422227650
-111.8642799156, -87.1774980200, -414.0422227650
-111.8642799156, -80.0254330910, -412.2693041840
-111.8642799156, -80.0254330910, -412.2693041840
-111.8642799156, -72.6491326390, -410.3003186421
-111.8642799156, -72.6491326390, -410.3003186421
-111.8642799156, -46.2080139023, -402.0362751811
-111.8642799156, -46.2080139023, -402.0362751811
-111.8642799156, -28.9349395248, -395.5766715665
-111.8642799156, -28.9349395248, -395.5766715665
-111.8642799156, -23.9531031027, -393.5508122877
-111.8642799156, -23.9531031027, -393.5508122877
-111.8642799156, -2.2772511927, -383.8474715736
-111.8642799156, -2.2772511927, -383.8474715736
-111.8642799156, 52.8369601060, -351.9183508474
-111.8642799156, 52.8369601060, -351.9183508474
-111.8642799156, 74.6834775662, -335.8807713925
-111.8642799156, 74.6834775662, -335.8807713925
-111.8642799156, 90.8642801665, -322.5123735922
-111.8642799156, 90.8642801665, -322.5123735922
-111.8642799156, 112.8601640958, -301.9661065656
-111.8642799156, 112.8601640958, -301.9661065656
-111.8642799156, 134.5125226275, -278.5186162530
-111.8642799156, 134.5125226275, -278.5186162530
-111.8642799153, 173.2345322108, -225.3210646467
-111.8642799153, 173.2345322108, -225.3210646467
-111.8642799156, 192.9395446735, -189.4238091224
-111.8642799156, 192.9395446735, -189.4238091224
-111.8642799156, 202.2583581645, -168.9114511608
-111.8642799156, 202.2583581645, -168.9114511608
-111.8642799156, 207.7868095737, -155.1476889068
-111.8642799156, 207.7868095737, -155.1476889068
-111.8642799156, 229.2685215699, -76.7100990099
-111.8642799156, 229.2685215699, -76.7100990099
-111.8642799156, 229.2685215576, -76.7100990086
-111.8642799156, 229.2685215576, -76.7100990086
-111.8642799156, 229.2685215576, -76.7100990086
-111.8642799156, 229.2685215576, -76.7100990086
-111.8642799156, 224.7040556523, -99.4635632279
-111.8642799156, 224.7040556523, -99.4635632279
-111.8642799156, 221.8548011906, -111.1124307677
-111.8642799156, 221.8548011906, -111.1124307677
-111.8642799156, 215.3535266848, -133.5538718590
-111.8642799156, 215.3535266848, -133.5538718590
-111.8642799156, 208.9638851701, -152.0234522321
-111.8642799156, 208.9638851701, -152.0234522321
-111.8642799156, 194.4658209921, -186.2566206220
-111.8642799156, 194.4658209921, -186.2566206220
-111.8642799156, 183.7779804817, -207.1508140539
-111.8642799156, 183.7779804817, -207.1508140539
-111.8642799156, 156.8399916585, -250.0154254848
-111.8642799156, 156.8399916585, -250.0154254848
-111.8642799156, 99.9622233754, -314.3699411978
-111.8642799156, 99.9622233754, -314.3699411978
-111.8642799156, 62.3945251129, -345.1682980711
-111.8642799156, 62.3945251129, -345.1682980711
-111.8642799156, 28.4970543017, -367.4039757250
-111.8642799156, 28.4970543017, -367.4039757250
-111.8642799156, 16.8929679736, -373.9925684865
-111.8642799156, 16.8929679736, -373.9925684865
-111.8642799161, -15.7416252289, -390.0474970639
-111.8642799161, -15.7416252289, -390.0474970639
-111.8642799156, -39.1335037003, -399.4950074392
-111.8642799156, -39.1335037003, -399.4950074392
-111.8642799156, -55.2856961810, -405.0900176701
-111.8642799156, -55.2856961810, -405.0900176701
-111.8642799156, -78.0539446056, -411.7570961241
-111.8642799156, -78.0539446056, -411.7570961241
-111.8642799156, -88.0726151596, -414.2547598316
-111.8642799156, -88.0726151596, -414.2547598316
-111.8642799156, -97.7564722632, -416.4224372038
-111.8642799156, -97.7564722632, -416.4224372038
-111.8642799156, -116.4999052199, -419.9435537044
-111.8642799156, -116.4999052199, -419.9435537044
-111.8642799156, -118.0284847343, -420.1920310487
-111.8642799156, -118.0284847343, -420.1920310487
-111.8642799156, -124.6599078783, -421.2031966871
-111.8642799156, -124.6599078783, -421.2031966871
-111.8642799156, -128.2078414567, -421.6997940355
-111.8642799156, -128.2078414567, -421.6997940355
-111.8642799156, -134.7567127912, -422.5356025663
-111.8642799156, -134.7567127912, -422.5356025663
-111.8642799156, -142.1225835804, -423.3510552783
-111.8642799156, -142.1225835804, -423.3510552783
-111.8642799156, -146.7356898017, -423.7948979296
-111.8642799156, -146.7356898017, -423.7948979296
-111.8642799156, -148.3070764150, -423.9343661628
-111.8642799156, -148.3070764150, -423.9343661628
-111.8642799156, -148.5732958262, -423.9574052823
-111.8642799156, -148.5732958262, -423.9574052823
-111.8642799156, -148.3505510826, -423.9381401997
-111.8642799156, -148.3505510826, -423.9381401997
-111.8642799156, -143.5834442862, -423.4971692199
-111.8642799156, -143.5834442862, -423.4971692199
-111.8642799156, -137.0552775970, -422.8041968479
-111.8642799156, -137.0552775970, -422.8041968479
-111.8642799156, -135.5404205128, -422.6286237310
-111.8642799156, -135.5404205128, -422.6286237310
-111.8642799156, -134.6727735010, -422.5255509491
-111.8642799156, -134.6727735010, -422.5255509491
-111.8642799156, -134.0938385943, -422.4557574682
-111.8642799156, -134.0938385943, -422.4557574682
-111.8642799156, -112.1051853573, -419.1968800096
-111.8642799156, -112.1051853573, -419.1968800096
-111.8642799156, -106.1330412478, -418.1050114149
-111.8642799156, -106.1330412478, -418.1050114149
-111.8642799156, -100.5963673487, -417.0127540887
-111.8642799156, -100.5963673487, -417.0127540887
-111.8642799156, -92.5068871222, -415.2771752092
-111.8642799156, -92.5068871222, -415.2771752092
-111.8642799156, -80.9605799753, -412.5086980058
-111.8642799156, -80.9605799753, -412.5086980058
-111.8642799156, -66.2541997256, -408.4762521205
-111.8642799156, -66.2541997256, -408.4762521205
-111.8642799156, -57.0199026141, -405.6473265795
-111.8642799156, -57.0199026141, -405.6473265795
-111.8642799156, -31.5242354323, -396.6003998428
-111.8642799156, -31.5242354323, -396.6003998428
-111.8642799156, -15.3538985995, -389.8769521766
-111.8642799156, -15.3538985995, -389.8769521766
-111.8642799156, -13.0589311401, -388.8579073593
-111.8642799156, -13.0589311401, -388.8579073593
-111.8642799156, -10.4388268539, -387.6743203088
-111.8642799156, -10.4388268539, -387.6743203088
-111.8642799156, -0.0096477068, -382.7459890996
-111.8642799156, -0.0096477068, -382.7459890996
-111.8642799156, 12.4129458225, -376.4078131197
-111.8642799156, 12.4129458225, -376.4078131197
-111.8642799156, 26.3150345453, -368.6803194375
-111.8642799156, 26.3150345453, -368.6803194375
-111.8642799156, 42.9034844400, -358.5231162258
-111.8642799156, 42.9034844400, -358.5231162258
-111.8642799156, 69.9982047415, -339.5055283666
-111.8642799156, 69.9982047415, -339.5055283666
-111.8642799156, 84.2494156144, -328.1425443243
-111.8642799156, 84.2494156144, -328.1425443243
-111.8642799156, 95.6997081961, -318.2441394272
-111.8642799156, 95.6997081961, -318.2441394272
-111.8642799156, 118.7529511005, -295.9323523201
-111.8642799156, 118.7529511005, -295.9323523201
-111.8642799156, 142.8731873796, -268.4300325207
-111.8642799156, 142.8731873796, -268.4300325207
-111.8642799156, 168.6124267664, -232.6749652590
-111.8642799156, 168.6124267664, -232.6749652590
-111.8642799156, 181.7620562894, -210.7912919403
-111.8642799156, 181.7620562894, -210.7912919403
-111.8642799156, 201.4351715934, -170.8470974325
-111.8642799156, 201.4351715934, -170.8470974325
-111.8642799156, 205.2234178959, -161.7048038759
-111.8642799156, 205.2234178959, -161.7048038759
-111.8642799156, 211.0538623862, -146.2811846744
-111.8642799156, 211.0538623862, -146.2811846744
-111.8642799156, 211.3908330450, -145.3303498528
-111.8642799156, 211.3908330450, -145.3303498528
-111.8642799156, 225.3149976008, -96.7608255068
-111.8642799156, 225.3149976008, -96.7608255068
-111.8642799156, 225.9243983415, -93.9784878666
-111.8642799156, 225.9243983415, -93.9784878666
-111.8642799156, 228.8334253033, -79.1948375450
-111.8642799156, 228.8334253033, -79.1948375450
-111.8642799156, 228.8873840711, -78.8914012471
-111.8642799156, 228.8873840711, -78.8914012471
-111.8642799156, 228.5016516081, -81.0329260517
-111.8642799156, 228.5016516081, -81.0329260517
-111.8642799156, 223.2073009932, -105.7618984691
-111.8642799156, 223.2073009932, -105.7618984691
-111.8642799100, 221.9870961475, -110.6018563209
-111.8642799100, 221.9870961475, -110.6018563209
-111.8642799156, 221.9870961362, -110.6018563251
-111.8642799156, 221.9870961362, -110.6018563251
-111.8642799156, 221.9870961362, -110.6018563251
-111.8642799156, 221.9870961362, -110.6018563251
-111.8642799156, 221.9870961362, -110.6018563251
-111.8642799156, 221.9870961362, -110.6018563251
-111.8642799156, 221.9870961362, -110.6018563251
-111.8642799156, 221.9870961362, -110.6018563251
-111.8642799156, 221.9870961362, -110.6018563251
-111.8642799156, 221.9870961362, -110.6018563251
-111.8642799156, 221.9870961362, -110.6018563251
-111.8642799156, 221.9870961362, -110.6018563251
-111.8642799156, 221.9870961362, -110.6018563251
-111.8642799156, 221.9870961362, -110.6018563251
-111.8642799156, 221.9870961362, -110.6018563251
-111.8642799156, 221.9870961362, -110.6018563251
-111.8642799156, 218.5171424760, -123.2142740681
-111.8642799156, 218.5171424760, -123.2142740681
-111.8642799156, 209.1461789673, -151.5327753311
-111.8642799156, 209.1461789673, -151.5327753311
-111.8642799156, 202.5845836347, -168.1368355774
-111.8642799156, 202.5845836347, -168.1368355774
-111.8642799156, 197.3216293017, -180.1404905616
-111.8642799156, 197.3216293017, -180.1404905616
-111.8642799156, 183.6633266031, -207.3601638817
-111.8642799156, 183.6633266031, -207.3601638817
-111.8642799156, 175.4515572631, -221.6698966162
-111.8642799156, 175.4515572631, -221.6698966162
-111.8642799105, 165.9131852168, -236.8187311786
-111.8642799105, 165.9131852168, -236.8187311786
-111.8642799156, 159.1531802470, -246.7519535130
-111.8642799156, 159.1531802470, -246.7519535130
-111.8642799156, 150.0068811048, -259.2876996284
-111.8642799156, 150.0068811048, -259.2876996284
-111.8642799156, 141.5459012673, -270.0749672453
-111.8642799156, 141.5459012673, -270.0749672453
-111.8642799156, 133.6621003267, -279.5096918219
-111.8642799156, 133.6621003267, -279.5096918219
-111.8642799156, 126.0357016570, -288.1278593899
-111.8642799156, 126.0357016570, -288.1278593899
-111.8642799184, 120.3091745015, -294.2977908207
-111.8642799184, 120.3091745015, -294.2977908207
-111.8642799156, 112.0970334748, -302.7299901335
-111.8642799156, 112.0970334748, -302.7299901335
-111.8642799156, 100.6328104567, -313.7506460591
-111.8642799156, 100.6328104567, -313.7506460591
-111.8642799156, 96.0705186245, -317.9113276871
-111.8642799156, 96.0705186245, -317.9113276871
-111.8642799156, 87.9926444415, -324.9855472583
-111.8642799156, 87.9926444415, -324.9855472583
-111.8642799156, 82.8421168763, -329.3102908744
-111.8642799156, 82.8421168763, -329.3102908744
-111.8642799156, 74.1872718193, -336.2696834867
-111.8642799156, 74.1872718193, -336.2696834867
-111.8642799156, 66.8737945445, -341.8647481230
-111.8642799156, 66.8737945445, -341.8647481230
-111.8642799156, 59.7563948032, -347.0715367816
-111.8642799156, 59.7563948032, -347.0715367816
-111.8642799156, 55.5052313842, -350.0738606241
-111.8642799156, 55.5052313842, -350.0738606241
-111.8642799156, 48.7995138559, -354.6520129850
-111.8642799156, 48.7995138559, -354.6520129850
-111.8642799156, 37.8604452254, -361.7233827263
-111.8642799156, 37.8604452254, -361.7233827263
-111.8642799156, 26.9193570233, -368.3285924640
-111.8642799156, 26.9193570233, -368.3285924640
-111.8642799156, 10.3125548491, -377.5161888348
-111.8642799156, 10.3125548491, -377.5161888348
-111.8642799156, -11.3893175484, -388.1061852840
-111.8642799156, -11.3893175484, -388.1061852840
-111.8642799156, -11.6530896955, -388.2255279748
-111.8642799156, -11.6530896955, -388.2255279748
-111.8642799151, -49.9501923883, -403.3230843215
-111.8642799151, -49.9501923883, -403.3230843215
-111.8642799153, -58.4854120856, -406.1118292741
-111.8642799153, -58.4854120856, -406.1118292741
-111.8642799156, -63.6616708928, -407.7054471854
-111.8642799156, -63.6616708928, -407.7054471854
-111.8642799156, -72.7623576199, -410.3316303244
-111.8642799156, -72.7623576199, -410.3316303244
-111.8642799156, -92.4133721491, -415.2561350224
-111.8642799156, -92.4133721491, -415.2561350224
-111.8642799156, -97.1640361137, -416.2967080409
-111.8642799156, -97.1640361137, -416.2967080409
-111.8642799156, -99.5736642400, -416.8025260524
-111.8642799156, -99.5736642400, -416.8025260524
-111.8642799156, -99.5706664858, -416.8019059471
-111.8642799156, -99.5706664858, -416.8019059471
-111.8642799156, -99.7508699389, -416.8391424857
-111.8642799156, -99.7508699389, -416.8391424857
-111.8642799156, -99.5663001333, -416.8010026708
-111.8642799156, -99.5663001333, -416.8010026708
-111.8642799156, -99.7336486731, -416.8355875072
-111.8642799156, -99.7336486731, -416.8355875072
-111.8642799156, -99.7480024606, -416.8385506055
-111.8642799156, -99.7480024606, -416.8385506055
-111.8642799156, -99.5934353059, -416.8066153436
-111.8642799156, -99.5934353059, -416.8066153436
-111.8642799156, -98.0848703080, -416.4917466769
-111.8642799156, -98.0848703080, -416.4917466769
-111.8642799156, -97.8557712731, -416.4434234953
-111.8642799156, -97.8557712731, -416.4434234953
-111.8642799156, -62.4768591399, -407.3471206401
-111.8642799156, -62.4768591399, -407.3471206401
-111.8642799156, -49.8947968678, -403.3043227262
-111.8642799156, -49.8947968678, -403.3043227262
-111.8642799156, -43.2330547869, -400.9850357237
-111.8642799156, -43.2330547869, -400.9850357237
-111.8642799156, -45.4583315602, -401.7737332567
-111.8642799156, -45.4583315602, -401.7737332567
-111.8642799156, -94.6676737624, -415.7570992185
-111.8642799156, -94.6676737624, -415.7570992185
-111.8642799156, -115.9030156914, -419.8449552551
-111.8642799156, -115.9030156914, -419.8449552551
-111.8642799156, -120.5697643157, -420.5923397020
-111.8642799156, -120.5697643157, -420.5923397020
-111.8642799156, -132.1470250183, -422.2150736601
-111.8642799156, -132.1470250183, -422.2150736601
-111.8642799156, -141.9289830262, -423.3313043917
-111.8642799156, -141.9289830262, -423.3313043917
-111.8642799156, -142.8292899205, -423.4223834269
-111.8642799156, -142.8292899205, -423.4223834269
-111.8642799156, -142.6538195728, -423.4047858026
-111.8642799156, -142.6538195728, -423.4047858026
-111.8642799156, -124.8972276387, -421.2373773238
-111.8642799156, -124.8972276387, -421.2373773238
-111.8642799156, -107.0455710773, -418.2776261916
-111.8642799156, -107.0455710773, -418.2776261916
-111.8642799156, -87.4202041481, -414.1000557238
-111.8642799156, -87.4202041481, -414.1000557238
-111.8642799156, -87.4202041479, -414.1000557232
-111.8642799156, -87.4202041479, -414.1000557232
-111.8642799156, -87.4202041479, -414.1000557232
-111.8642799156, -87.4202041479, -414.1000557232
-111.8642799156, -87.4202041479, -414.1000557232
-111.8642799156, -87.4202041479, -414.1000557232
-111.8642799156, -87.4202041479, -414.1000557232
-111.8642799156, -87.4202041479, -414.1000557232
-111.8642799156, -87.4202041479, -414.1000557232
-111.8642799156, -87.4202041479, -414.1000557232
-111.8642799156, -87.4202041479, -414.1000557232
-111.8642799156, -87.4202041479, -414.1000557232
-111.8642799156, -87.4202041479, -414.1000557232
-111.8642799156, -87.4202041479, -414.1000557232
-111.8642799156, -87.4202041479, -414.1000557232
-111.8642799156, -87.4202041479, -414.1000557232
-111.8642799156, -87.4202041479, -414.1000557232
-111.8642799156, -87.4202041479, -414.1000557232
-111.8642799156, -87.4202041479, -414.1000557232
-111.8642799156, -87.4202041479, -414.1000557232
-111.8642799156, -87.4202041479, -414.1000557232
-111.8642799156, -87.4202041479, -414.1000557232
-111.8642799156, -87.4202041479, -414.1000557232
-111.8642799156, -87.4202041479, -414.1000557232
-111.8642799156, -87.4202041479, -414.1000557232
-111.8642799156, -87.4202041479, -414.1000557232
-111.8642799156, -87.4202041479, -414.1000557232
-111.8642799156, -87.4202041479, -414.1000557232
-111.8642799156, -87.4202041479, -414.1000557232
-111.8642799156, -87.4202041479, -414.1000557232
-111.8642799156, -87.4202041479, -414.1000557232
-111.8642799156, -87.4202041479, -414.1000557232
-111.8642799156, -87.4202041479, -414.1000557232
-111.8642799156, -87.4202041479, -414.1000557232
-111.8642799156, -87.4202041479, -414.1000557232
-111.8642799156, -87.4202041479, -414.1000557232
-111.8642799156, -87.4202041479, -414.1000557232
-111.8642799156, -87.4202041479, -414.1000557232
-111.8642799156, -87.4202041479, -414.1000557232
-111.8642799156, -87.4202041479, -414.1000557232
-111.8642799156, -87.4202041479, -414.1000557232
-111.8642799156, -87.4202041479, -414.1000557232
-111.8642799156, -88.8582538827, -414.4395967270
-111.8642799156, -88.8582538827, -414.4395967270
-111.8642799156, -120.3590501422, -420.5597537589
-111.8642799156, -120.3590501422, -420.5597537589
-111.8642799156, -130.5117256176, -422.0057625309
-111.8642799156, -130.5117256176, -422.0057625309
-111.8642799156, -132.2871985239, -422.2327117502
-111.8642799156, -132.2871985239, -422.2327117502
-111.8642799156, -132.9713019222, -422.3181056211
-111.8642799156, -132.9713019222, -422.3181056211
-111.8642799156, -133.1269401982, -422.3373741024
-111.8642799156, -133.1269401982, -422.3373741024
-111.8642799156, -135.7202844612, -422.6497617784
-111.8642799156, -135.7202844612, -422.6497617784
-111.8642799156, -135.8363962853, -422.6633657690
-111.8642799156, -135.8363962853, -422.6633657690
-111.8642799156, -136.4537997631, -422.7351523130
-111.8642799156, -136.4537997631, -422.7351523130
-111.8642799156, -136.5696203886, -422.7485158295
-111.8642799156, -136.5696203886, -422.7485158295
-111.8642799156, -137.7891541957, -422.8872501856
-111.8642799156, -137.7891541957, -422.8872501856
-111.8642799156, -137.9451296481, -422.9047336461
-111.8642799156, -137.9451296481, -422.9047336461
-111.8642799156, -139.2632871491, -423.0501312533
-111.8642799156, -139.2632871491, -423.0501312533
-111.8642799156, -144.2183886179, -423.5590682654
-111.8642799156, -144.2183886179, -423.5590682654
-111.8642799156, -148.8816318319, -423.9838759945
-111.8642799156, -148.8816318319, -423.9838759945
-111.8642799156, -148.7525233299, -423.9728198543
-111.8642799156, -148.7525233299, -423.9728198543
-111.8642799156, -147.5433216700, -423.8673222165
-111.8642799156, -147.5433216700, -423.8673222165
-111.8642799156, -146.5160621717, -423.7749309775
-111.8642799156, -146.5160621717, -423.7749309775
-111.8642799156, -147.2082393016, -423.8374645263
-111.8642799156, -147.2082393016, -423.8374645263
-111.8642799156, -149.2248106034, -424.0130688692
-111.8642799156, -149.2248106034, -424.0130688692
-111.8642799156, -149.8357020127, -424.0643337318
-111.8642799156, -149.8357020127, -424.0643337318
-111.8642799156, -149.7958559908, -424.0610173015
-111.8642799156, -149.7958559908, -424.0610173015
-111.8642799156, -148.8986888037, -423.9853336587
-111.8642799156, -148.8986888037, -423.9853336587
-111.8642799156, -148.8141546805, -423.9781026287
-111.8642799156, -148.8141546805, -423.9781026287
-111.8642799156, -148.3219627521, -423.9356589589
-111.8642799156, -148.3219627521, -423.9356589589
-111.8642799156, -148.3219627521, -423.9356589589
-111.8642799156, -148.3219627521, -423.9356589589
-111.8642799156, -148.3219627521, -423.9356589589
-111.8642799156, -148.3219627521, -423.9356589589
-111.8642799156, -148.3219627521, -423.9356589589
-111.8642799156, -148.3219627521, -423.9356589589
-111.8642799156, -148.3219627545, -423.9356589500
-111.8642799156, -148.3219627545, -423.9356589500
-111.8642799156, -148.3219627521, -423.9356589589
-111.8642799156, -148.3219627521, -423.9356589589
-111.8642799156, -148.3219627521, -423.9356589589
-111.8642799156, -148.3219627521, -423.9356589589
-111.8642799156, -148.3219627521, -423.9356589589
-111.8642799156, -148.3219627521, -423.9356589589
-111.8642799156, -148.3219627521, -423.9356589589
-111.8642799156, -148.3219627521, -423.9356589589
-111.8642799156, -148.3219627521, -423.9356589589
-111.8642799156, -148.3219627521, -423.9356589589
-111.8642799156, -148.3219627521, -423.9356589589
-111.8642799156, -148.3219627521, -423.9356589589
-111.8642799156, -148.3219627521, -423.9356589589
-111.8642799156, -148.3219627521, -423.9356589589
-111.8642799156, -148.3219627521, -423.9356589589
-111.8642799156, -148.3219627521, -423.9356589589
-111.8642799156, -148.3219627521, -423.9356589589
-111.8642799156, -148.3219627521, -423.9356589589
-111.8642799156, -148.3219627521, -423.9356589589
-111.8642799156, -148.3219627521, -423.9356589589
-111.8642799156, -148.3219627521, -423.9356589589
-111.8642799156, -148.3219627521, -423.9356589589
-111.8642799156, -148.3219627521, -423.9356589589
-111.8642799156, -148.3219627521, -423.9356589589
-111.8642799156, -148.3219627521, -423.9356589589
-111.8642799156, -148.3219627521, -423.9356589589
-111.8642799156, -148.3219627521, -423.9356589589
-111.8642799156, -148.3219627521, -423.9356589589
-111.8642799156, -148.3219627521, -423.9356589589
-111.8642799156, -148.3219627521, -423.9356589589
-111.8642799156, -148.3219627521, -423.9356589589
-111.8642799156, -148.3219627521, -423.9356589589
-111.8642799156, -148.3219627521, -423.9356589589
-111.8642799156, -148.3219627521, -423.9356589589
-111.8642799156, -148.3219627521, -423.9356589589
-111.8642799156, -148.3219627521, -423.9356589589
-111.8642799156, -148.3219627521, -423.9356589589
-111.8642799156, -148.3219627521, -423.9356589589
-111.8642799156, -148.3219627521, -423.9356589589
-111.8642799156, -148.3219627521, -423.9356589589
-111.8642799156, -148.3219627521, -423.9356589589
-111.8642799156, -148.3219627521, -423.9356589589
-111.8642799156, -146.2130383966, -423.7471913484
-111.8642799156, -146.2130383966, -423.7471913484
-111.8642799156, -126.9788134906, -421.5312618112
-111.8642799156, -126.9788134906, -421.5312618112
-111.8642799156, -95.4981866735, -415.9383854718
-111.8642799156, -95.4981866735, -415.9383854718
-111.8642799156, -84.9613172093, -413.5070853103
-111.8642799156, -84.9613172093, -413.5070853103
-111.8642799156, -69.8832428145, -409.5248197947
-111.8642799156, -69.8832428145, -409.5248197947
-111.8642799156, -37.7712883085, -398.9891917738
-111.8642799156, -37.7712883085, -398.9891917738
-111.8642799156, -11.4925306500, -388.1529097410
-111.8642799156, -11.4925306500, -388.1529097410
-111.8642799156, 10.3168180759, -377.5139544869
-111.8642799156, 10.3168180759, -377.5139544869
-111.8642799156, 12.7568203481, -376.2249012953
-111.8642799156, 12.7568203481, -376.2249012953
-111.8642799156, 12.7568203481, -376.2249012953
-111.8642799156, 12.7568203481, -376.2249012953
-111.8642799156, 12.7568203481, -376.2249012953
-111.8642799156, 12.7568203481, -376.2249012953
-111.8642799156, 12.7568203481, -376.2249012953
-111.8642799156, 12.7568203481, -376.2249012953
-111.8642799156, 12.7568203481, -376.2249012953
-111.8642799156, 12.7568203481, -376.2249012953
-111.8642799156, 12.7568203481, -376.2249012953
-111.8642799156, 12.7568203481, -376.2249012953
-111.8642799156, 12.7568203481, -376.2249012953
-111.8642799156, 12.7568203481, -376.2249012953
-111.8642799156, 12.7568203481, -376.2249012953
-111.8642799156, 12.7568203481, -376.2249012953
-111.8642799156, 12.7568203481, -376.2249012953
-111.8642799156, 12.7568203481, -376.2249012953
-111.8642799156, 12.7568203481, -376.2249012953
-111.8642799156, 12.7568203481, -376.2249012953
-111.8642799156, 12.7568203481, -376.2249012953
-111.8642799156, 12.7568203481, -376.2249012953
-111.8642799156, 12.7568203481, -376.2249012953
-111.8642799156, 12.7568203481, -376.2249012953
-111.8642799156, 12.7568203481, -376.2249012953
-111.8642799156, 12.7568203481, -376.2249012953
-111.8642799156, 12.7568203481, -376.2249012953
-111.8642799156, 12.7568203481, -376.2249012953
-111.8642799156, 12.7568203481, -376.2249012953
-111.8642799156, 12.7568203481, -376.2249012953
-111.8642799156, 12.7568203481, -376.2249012953
-111.8642799156, 12.7568203481, -376.2249012953
-111.8642799156, 12.7568203481, -376.2249012953
-111.8642799156, 12.7568203481, -376.2249012953
-111.8642799156, 12.7568203481, -376.2249012953
-111.8642799156, 12.7568203481, -376.2249012953
-111.8642799156, 12.7568203481, -376.2249012953
-111.8642799156, 12.7568203481, -376.2249012953
-111.8642799156, 12.7568203481, -376.2249012953
-111.8642799156, 12.7568203481, -376.2249012953
-111.8642799156, 12.7568203481, -376.2249012953
-111.8642799156, 12.7568203481, -376.2249012953
-111.8642799156, 12.7568203481, -376.2249012953
-111.8642799156, 12.7568203481, -376.2249012953
-111.8642799156, 12.7568203481, -376.2249012953
-111.8642799156, 12.7568203481, -376.2249012953
-111.8642799156, 12.7568203481, -376.2249012953
-111.8642799156, 12.7568203481, -376.2249012953
-111.8642799156, 12.7568203481, -376.2249012953
-111.8642799156, 12.7568203481, -376.2249012953
-111.8642799156, 12.7568203481, -376.2249012953
-111.8642799156, 12.7568203481, -376.2249012953
-111.8642799156, 12.7568203481, -376.2249012953
-111.8642799156, 12.7568203481, -376.2249012953
-111.8642799156, 12.7568203481, -376.2249012953
-111.8642799156, 12.7568203481, -376.2249012953
-111.8642799156, 12.7568203481, -376.2249012953
-111.8642799156, 12.7568203481, -376.2249012953
-111.8642799156, 12.7568203481, -376.2249012953
-111.8642799156, 12.7568203481, -376.2249012953
-111.8642799156, 12.7568203481, -376.2249012953
-111.8642799156, 12.7568203481, -376.2249012953
-111.8642799156, 12.7568203481, -376.2249012953
-111.8642799156, 12.7568203481, -376.2249012953
-111.8642799156, 12.7568203481, -376.2249012953
-111.8642799156, 12.7568203481, -376.2249012953
-111.8642799156, 12.7568203481, -376.2249012953
-111.8642799156, 12.7568203481, -376.2249012953
-111.8642799156, 12.7568203481, -376.2249012953
-111.8642799156, 12.7568203481, -376.2249012953
-111.8642799156, 12.7568203481, -376.2249012953
-111.8642799156, 12.7568203481, -376.2249012953
-111.8642799156, 12.7568203481, -376.2249012953
-111.8642799156, 12.7568203481, -376.2249012953
-111.8642799156, 12.7568203481, -376.2249012953
-111.8642799156, 12.7568203481, -376.2249012953
-111.8642799156, 12.7568203481, -376.2249012953
-111.8642799156, 12.7568203481, -376.2249012953
-111.8642799156, 12.7568203481, -376.2249012953
-111.8642799156, 12.7568203481, -376.2249012953
-111.8642799156, 12.7568203481, -376.2249012953
-111.8642799156, 12.7568203481, -376.2249012953
-111.8642799156, 12.7568203481, -376.2249012953
-111.8642799156, 12.7568203481, -376.2249012953
-111.8642799156, 12.7568203481, -376.2249012953
-111.8642799156, 12.7568203481, -376.2249012953
-111.8642799156, 12.7568203481, -376.2249012953
-111.8642799156, 12.7568203481, -376.2249012953
-111.8642799156, 12.7568203481, -376.2249012953
-111.8642799156, 12.7568203481, -376.2249012953
-111.8642799156, 12.7568203481, -376.2249012953
-111.8642799156, 12.7568203481, -376.2249012953
-111.8642799156, 12.7568203481, -376.2249012953
-111.8642799156, 12.7568203481, -376.2249012953
-111.8642799156, 12.7568203481, -376.2249012953
-111.8642799156, 12.7568203481, -376.2249012953
-111.8642799156, 12.7568203481, -376.2249012953
-111.8642799156, 12.7568203481, -376.2249012953
-111.8642799156, 12.7568203481, -376.2249012953
-111.8642799156, 12.7568203481, -376.2249012953
-111.8642799156, 12.7568203481, -376.2249012953
-111.8642799156, 12.7568203481, -376.2249012953
-111.8642799156, 12.7568203481, -376.2249012953
-111.8642799156, 12.7568203481, -376.2249012953
-111.8642799156, 12.7568203481, -376.2249012953
-111.8642799156, 12.7568203481, -376.2249012953
-111.8642799156, 12.7568203481, -376.2249012953
-111.8642799156, 12.7568203481, -376.2249012953
-111.8642799156, 12.7568203481, -376.2249012953
-111.8642799156, 12.7568203481, -376.2249012953
-111.8642799156, 12.7568203481, -376.2249012953
-111.8642799156, 12.7568203481, -376.2249012953
-111.8642799156, 12.7568203481, -376.2249012953
-111.8642799156, 12.7568203481, -376.2249012953
-111.8642799156, 12.7568203481, -376.2249012953
-111.8642799156, 12.7568203481, -376.2249012953
-111.8642799156, 12.7568203481, -376.2249012953
-111.8642799156, 12.7568203481, -376.2249012953
-111.8642799156, 12.7568203481, -376.2249012953
-111.8642799156, 12.7568203481, -376.2249012953
-111.8642799156, 12.7568203481, -376.2249012953
-111.8642799156, 12.7568203481, -376.2249012953
-111.8642799156, 12.7568203481, -376.2249012953
-111.8642799156, 12.7568203481, -376.2249012953
-111.8642799156, 12.7568203481, -376.2249012953
-111.8642799156, 12.7568203481, -376.2249012953
-111.8642799156, 12.7568203481, -376.2249012953
-111.8642799156, 12.7568203481, -376.2249012953
-111.8642799156, 12.7568203481, -376.2249012953
-111.8642799156, 12.7568203481, -376.2249012953
-111.8642799156, 12.7568203481, -376.2249012953
-111.8642799156, 12.7568203481, -376.2249012953
-111.8642799156, 12.7568203481, -376.2249012953
-111.8642799156, 12.7568203481, -376.2249012953
-111.8642799156, 12.7568203481, -376.2249012953
-111.8642799156, 12.7568203481, -376.2249012953
-111.8642799156, 12.7568203481, -376.2249012953
-111.8642799156, 12.7568203481, -376.2249012953
-111.8642799156, 12.7568203481, -376.2249012953
-111.8642799156, 12.7568203481, -376.2249012953
-111.8642799156, 12.7568203481, -376.2249012953
-111.8642799156, 12.7568203481, -376.2249012953
-111.8642799156, 12.7568203481, -376.2249012953
-111.8642799156, 12.7568203481, -376.2249012953
-111.8642799156, 12.7568203481, -376.2249012953
-111.8642799156, 12.7568203481, -376.2249012953
-111.8642799156, 12.7568203481, -376.2249012953
-111.8642799156, 12.7568203481, -376.2249012953
-111.8642799156, 12.7568203481, -376.2249012953
-111.8642799156, 12.7568203481, -376.2249012953
-111.8642799156, 12.7568203481, -376.2249012953
-111.8642799156, 12.7568203481, -376.2249012953
-111.8642799156, 12.7568203481, -376.2249012953
-111.8642799156, 12.7568203481, -376.2249012953
-111.8642799156, 12.7568203481, -376.2249012953
-111.8642799156, 12.7568203481, -376.2249012953
-111.8642799156, 12.7568203481, -376.2249012953
-111.8642799156, 12.7568203481, -376.2249012953
-111.8642799156, 12.7568203481, -376.2249012953
-111.8642799156, 12.7568203481, -376.2249012953
-111.8642799156, 12.7568203481, -376.2249012953
-111.8642799156, 12.7568203481, -376.2249012953
-111.8642799156, 12.7568203481, -376.2249012953
-111.8642799156, 12.7568203481, -376.2249012953
-111.8642799156, 12.7568203481, -376.2249012953
-111.8642799156, 12.7568203481, -376.2249012953
-111.8642799156, 12.7568203481, -376.2249012953
-111.8642799156, 12.7568203481, -376.2249012953
-111.8642799156, 12.7568203509, -376.2249013008
-111.8642799156, 12.7568203509, -376.2249013008
-111.8642799156, 12.7568203509, -376.2249013008
-111.8642799156, 12.7568203509, -376.2249013008
-111.8642799156, 12.7568203509, -376.2249013008
-111.8642799156, 12.7568203509, -376.2249013008
-111.8642799156, 12.7568203509, -376.2249013008
-111.8642799156, 12.7568203509, -376.2249013008
-111.8642799156, 12.7568203509, -376.2249013008
-111.8642799156, 12.7568203509, -376.2249013008
-111.8642799156, 12.7568203509, -376.2249013008
-111.8642799156, 12.7568203509, -376.2249013008
-111.8642799156, 12.7568203509, -376.2249013008
-111.8642799156, 12.7568203509, -376.2249013008
-111.8642799156, 12.7568203509, -376.2249013008
-111.8642799156, 12.7568203509, -376.2249013008
-111.8642799156, 12.7568203509, -376.2249013008
-111.8642799156, 12.7568203509, -376.2249013008
-111.8642799156, 12.7568203509, -376.2249013008
-111.8642799156, 12.7568203509, -376.2249013008
-111.8642799156, 12.7568203509, -376.2249013008
-111.8642799156, 12.7568203509, -376.2249013008
-111.8642799156, 12.7568203509, -376.2249013008
-111.8642799156, 12.7568203509, -376.2249013008
-111.8642799156, 12.7568203509, -376.2249013008
-111.8642799156, 12.7568203509, -376.2249013008
-111.8642799156, 12.7568203509, -376.2249013008
-111.8642799156, 12.7568203509, -376.2249013008
-111.8642799156, 12.7568203509, -376.2249013008
-111.8642799156, 12.7568203509, -376.2249013008
-111.8642799156, 12.7568203509, -376.2249013008
-111.8642799156, 12.7568203509, -376.2249013008
-111.8642799156, 12.7568203509, -376.2249013008
-111.8642799156, 12.7568203509, -376.2249013008
-111.8642799156, 12.7568203509, -376.2249013008
-111.8642799156, 12.7568203509, -376.2249013008
-111.8642799156, 12.7568203509, -376.2249013008
-111.8642799156, 12.7568203509, -376.2249013008
-111.8642799156, 12.7568203509, -376.2249013008
-111.8642799156, 12.7568203509, -376.2249013008
-111.8642799156, 12.7568203509, -376.2249013008
-111.8642799156, 12.7568203509, -376.2249013008
-111.8642799156, 12.7568203509, -376.2249013008
-111.8642799156, 12.7568203509, -376.2249013008
-111.8642799156, 12.7568203509, -376.2249013008
-111.8642799156, 12.7568203509, -376.2249013008
-111.8642799156, 12.7568203509, -376.2249013008
-111.8642799156, 12.7568203509, -376.2249013008
-111.8642799156, 12.7568203509, -376.2249013008
-111.8642799156, 12.7568203509, -376.2249013008
-111.8642799156, 12.7568203509, -376.2249013008
-111.8642799156, 12.7568203509, -376.2249013008
-111.8642799156, 12.7568203509, -376.2249013008
-111.8642799156, 12.7568203509, -376.2249013008
-111.8642799156, 12.7568203509, -376.2249013008
-111.8642799156, 12.7568203509, -376.2249013008
-111.8642799156, 12.7568203509, -376.2249013008
-111.8642799156, 12.7568203509, -376.2249013008
-111.8642799156, 12.7568203509, -376.2249013008
-111.8642799156, 12.7568203509, -376.2249013008
-111.8642799156, 12.7568203509, -376.2249013008
-111.8642799156, 12.7568203509, -376.2249013008
-111.8642799156, 12.7568203509, -376.2249013008
-111.8642799156, 12.7568203509, -376.2249013008
-111.8642799156, 12.7568203509, -376.2249013008
-111.8642799156, 12.7568203509, -376.2249013008
-111.8642799156, 12.7568203509, -376.2249013008
-111.8642799156, 12.7568203509, -376.2249013008
-111.8642799156, 12.7568203509, -376.2249013008
-111.8642799156, 12.7568203509, -376.2249013008
-111.8642799156, 12.7568203509, -376.2249013008
-111.8642799156, 12.7568203509, -376.2249013008
-111.8642799156, 12.7568203509, -376.2249013008
-111.8642799156, 12.7568203509, -376.2249013008
-111.8642799156, 12.7568203509, -376.2249013008
-111.8642799156, 12.7568203509, -376.2249013008
-111.8642799156, 12.7568203509, -376.2249013008
-111.8642799156, 12.7568203509, -376.2249013008
-111.8642799156, 12.7568203509, -376.2249013008
-111.8642799156, 12.7568203509, -376.2249013008
-111.8642799156, 12.7568203509, -376.2249013008
-111.8642799156, 12.7568203509, -376.2249013008
-111.8642799156, 12.7568203509, -376.2249013008
-111.8642799156, 12.7568203509, -376.2249013008
-111.8642799156, 12.7568203509, -376.2249013008
-111.8642799156, 12.7568203509, -376.2249013008
-111.8642799156, 12.7568203509, -376.2249013008
-111.8642799156, 12.7568203509, -376.2249013008
-111.8642799156, 12.7568203509, -376.2249013008
-111.8642799156, 12.7568203509, -376.2249013008
-111.8642799156, 12.7568203509, -376.2249013008
-111.8642799156, 12.7568203509, -376.2249013008
-111.8642799156, 12.7568203509, -376.2249013008
-111.8642799156, 12.7568203509, -376.2249013008
-111.8642799156, 12.7568203509, -376.2249013008
-111.8642799156, 12.7568203509, -376.2249013008
-111.8642799156, 12.7568203509, -376.2249013008
-111.8642799156, 12.7568203509, -376.2249013008
-111.8642799156, 12.7568203509, -376.2249013008
-111.8642799156, 12.7568203509, -376.2249013008
-111.8642799156, 12.7568203509, -376.2249013008
-111.8642799156, 12.7568203509, -376.2249013008
-111.8642799156, 12.7568203509, -376.2249013008
-111.8642799156, 12.7568203509, -376.2249013008
-111.8642799156, 12.7568203509, -376.2249013008
-111.8642799156, 12.7568203509, -376.2249013008
-111.8642799156, 12.7568203509, -376.2249013008
-111.8642799156, 12.7568203509, -376.2249013008
-111.8642799156, 12.7568203509, -376.2249013008
-111.8642799156, 12.7568203509, -376.2249013008
-111.8642799156, 12.7568203509, -376.2249013008
-111.8642799156, 12.7568203509, -376.2249013008
-111.8642799156, 12.7568203509, -376.2249013008
-111.8642799156, 12.7568203509, -376.2249013008
-111.8642799156, 12.7568203509, -376.2249013008
-111.8642799156, 12.7568203509, -376.2249013008
-111.8642799156, 12.7568203509, -376.2249013008
-111.8642799156, 12.7568203509, -376.2249013008
-111.8642799156, 12.7568203509, -376.2249013008
-111.8642799156, 12.7568203509, -376.2249013008
-111.8642799156, 12.7568203509, -376.2249013008
-111.8642799156, 12.7568203509, -376.2249013008
-111.8642799156, 12.7568203509, -376.2249013008
-111.8642799156, 12.7568203509, -376.2249013008
-111.8642799156, 12.7568203509, -376.2249013008
-111.8642799156, 12.7568203509, -376.2249013008
-111.8642799156, 12.7568203509, -376.2249013008
-111.8642799156, 12.7568203509, -376.2249013008
-111.8642799156, 12.7568203509, -376.2249013008
-111.8642799156, 12.7568203509, -376.2249013008
-111.8642799156, 12.7568203509, -376.2249013008
-111.8642799156, 12.7568203509, -376.2249013008
-111.8642799156, 12.7568203509, -376.2249013008
-111.8642799156, 12.7568203509, -376.2249013008
-111.8642799156, 12.7568203509, -376.2249013008
-111.8642799156, 12.7568203509, -376.2249013008
-111.8642799156, 12.7568203509, -376.2249013008
-111.8642799156, 12.7568203509, -376.2249013008
-111.8642799156, 12.7568203509, -376.2249013008
-111.8642799156, 12.7568203509, -376.2249013008
